ds,ProductoID,ProductoNombre,yhat,yhat_lower,yhat_upper
2024-05-20,PC017,Huesos Corriente,7.0375574396135665,4.000863464100848,10.073082040336942
2024-12-02,PC017,Huesos Corriente,10.273746862225698,7.007134310849358,13.518068002837024
2024-12-09,PC017,Huesos Corriente,16.618434684916846,13.303098922581857,19.927379805867574
2024-12-16,PC017,Huesos Corriente,20.94709169050099,17.86682038401458,23.943933937555354
2024-12-23,PC017,Huesos Corriente,20.200277660499747,17.13974811071743,23.266049455239994
2024-12-30,PC017,Huesos Corriente,16.298144880338125,13.115027533735235,19.489356710665263
2025-01-06,PC017,Huesos Corriente,13.650271411500006,10.511478012467242,16.705006814023353
2025-01-13,PC017,Huesos Corriente,14.317718678710976,11.320282652159735,17.167324712566213
2025-01-20,PC017,Huesos Corriente,16.38732965039967,13.217051746886275,19.517122197697294
2025-01-27,PC017,Huesos Corriente,16.930147048685896,13.701323642501789,20.097056135316983
2025-02-03,PC017,Huesos Corriente,15.530628371371066,12.524263841439977,18.58543775012871
2025-02-10,PC017,Huesos Corriente,14.255446550531023,11.151971749843508,17.50525937260997
2025-02-17,PC017,Huesos Corriente,14.70726552928257,11.685552238790507,17.717857581156903
2025-02-24,PC017,Huesos Corriente,16.210530037082936,12.833586173863715,19.354005862969167
2025-03-03,PC017,Huesos Corriente,17.184939813402735,14.175702641009595,20.304629841358995
2025-03-10,PC017,Huesos Corriente,17.428612570050205,14.354309156006748,20.3507083461781
2025-03-17,PC017,Huesos Corriente,18.109184963119986,15.06208709972039,21.31237145644474
2025-03-24,PC017,Huesos Corriente,19.672219343704217,16.674293446783572,22.94000284151242
2025-03-31,PC017,Huesos Corriente,20.806112700279275,17.949178775860037,23.97215815989827
2025-04-07,PC017,Huesos Corriente,20.086732415169166,17.283831930513177,23.329091845542102
2025-04-14,PC017,Huesos Corriente,18.099310960272835,15.051882070683279,21.132279641380165
2025-04-21,PC017,Huesos Corriente,16.979344443249037,14.013851421083366,20.226660332811957
2025-04-28,PC017,Huesos Corriente,17.719184325307932,14.617529641589892,20.83671599003708
2025-05-05,PC017,Huesos Corriente,18.745550321540563,15.510277542483571,21.758778080847133
2025-05-12,PC017,Huesos Corriente,17.834897132154502,14.727689505439045,21.06839253800149
2025-05-19,PC017,Huesos Corriente,15.08346995766239,12.032842068866973,18.253406318069686
2025-05-26,PC017,Huesos Corriente,13.072668101028404,9.917455424389138,16.321908688696578
2025-06-02,PC017,Huesos Corriente,13.819777605873837,10.619380122973864,17.136626829598942
2025-06-09,PC017,Huesos Corriente,16.27284054798444,12.981285218517598,19.335006192824746
2025-06-16,PC017,Huesos Corriente,17.566294068078673,14.31565571522846,20.522674585125152
2025-06-23,PC017,Huesos Corriente,16.53239349781333,13.441951762063804,19.681114242332484
2025-06-30,PC017,Huesos Corriente,15.049272343595351,11.9707742264356,18.19601953617285
2025-07-07,PC017,Huesos Corriente,15.508867041128472,12.765157479110755,18.699736596551215
2025-07-14,PC017,Huesos Corriente,17.642465129325657,14.34978972871969,20.42849629264638
2025-07-21,PC017,Huesos Corriente,18.80703009667314,15.723150690987223,22.12295212386487
2025-07-28,PC017,Huesos Corriente,17.42188911635604,14.281660429431668,20.936366041245467
2025-08-04,PC017,Huesos Corriente,15.15380507128203,12.1526754420808,18.304425723730656
2025-08-11,PC017,Huesos Corriente,14.961128655120998,11.69385433847242,17.909954976422263
2025-08-18,PC017,Huesos Corriente,17.380218282336653,14.116900386042632,20.46619542476884
2025-08-25,PC017,Huesos Corriente,19.75494530709976,16.636466642701,22.944716702923703
2025-09-01,PC017,Huesos Corriente,19.448783842972087,16.277510454576547,22.59481380818818
2025-09-08,PC017,Huesos Corriente,17.04026699760812,14.101841513406164,19.96280625794013
2025-09-15,PC017,Huesos Corriente,15.506730994852733,12.202603001065771,18.572052576154086
2025-09-22,PC017,Huesos Corriente,16.478976325718502,13.28354311332317,19.67726610980115
2025-09-29,PC017,Huesos Corriente,18.342850008404803,15.168782364147724,21.62558574439944
2025-10-06,PC017,Huesos Corriente,18.548686806257894,15.213936014694108,21.33888709623532
2025-10-13,PC017,Huesos Corriente,17.0505910230178,14.119711913770042,20.21747653139488
2025-10-20,PC017,Huesos Corriente,16.33321556730605,13.16293227517005,19.37247905608052
2025-10-27,PC017,Huesos Corriente,17.936201258693238,15.084730108958178,21.270826496401167
2025-11-03,PC017,Huesos Corriente,20.063325248073824,16.96811898418698,22.989308756067196
2025-11-10,PC017,Huesos Corriente,19.653648240155402,16.48267550238718,22.628400970955926
2025-11-17,PC017,Huesos Corriente,16.5540855769503,13.44715835500494,19.552510575452793
2025-11-24,PC017,Huesos Corriente,14.439372151699846,11.252687377549428,17.659268902410098
2025-12-01,PC017,Huesos Corriente,16.884118345957003,13.855333152574548,20.254716295438527
2025-12-07,PC017,Huesos Corriente,22.088737660316692,19.12846311791237,25.1716231492647
2025-12-14,PC017,Huesos Corriente,27.601044113906365,24.464103562575676,30.558998882361713
2025-12-21,PC017,Huesos Corriente,28.5157224295033,25.592302510383202,31.645699100839337
2025-12-28,PC017,Huesos Corriente,25.165677924153208,22.076281992645765,28.21753887226071
2026-01-04,PC017,Huesos Corriente,21.695437588340567,18.53868604459667,24.838010744646507
2026-01-11,PC017,Huesos Corriente,21.340627349813612,18.105836924668697,24.375662289133494
2026-01-18,PC017,Huesos Corriente,23.319408871267175,20.25211188876374,26.44899772646047
2026-01-25,PC017,Huesos Corriente,24.560406691152888,21.47004439072246,27.862006090224828
2026-02-01,PC017,Huesos Corriente,23.632189333190794,20.63693710415925,26.900415617087653
2026-02-08,PC017,Huesos Corriente,22.055363097525685,18.984988205469403,25.19736384515643
2026-02-15,PC017,Huesos Corriente,21.91600897012396,18.573787718477345,25.0604323654566
2026-02-22,PC017,Huesos Corriente,23.26431129664595,20.101590189930842,26.727195868266755
